<?xml version="1.0" encoding="UTF-8"?>
<Set>
  <QueryOQL alias="QueryOQL" id="8">
    <name>Bearbeiter des Tickets</name>
    <description>Kann in Benachrichtigungen genutzt werden, um den Bearbeiter des Tickets zu verständigen.</description>
    <is_template>yes</is_template>
    <oql><![CDATA[SELECT Person WHERE id=:this->agent_id]]></oql>
    <fields>id,email</fields>
    <finalclass>QueryOQL</finalclass>
  </QueryOQL>
  <QueryOQL alias="QueryOQL" id="4">
    <name>Bearbeiter des Tickets, außer der Bearbeiter selbst löst eine Benachrichtigung aus.</name>
    <description>Kann in Benachrichtigungen genutzt werden, um den Bearbeiter des Tickets zu verständigen.
      Es wird keine E-Mail gesendet, wenn die auslösende Person der Benachrichtigung der Bearbeiter des Tickets ist.
    </description>
    <is_template>yes</is_template>
    <oql><![CDATA[SELECT Person WHERE id=:this->agent_id AND id != :current_contact_id]]></oql>
    <fields>id,email</fields>
    <finalclass>QueryOQL</finalclass>
  </QueryOQL>
  <QueryOQL alias="QueryOQL" id="3">
    <name>Melder und Kontaktliste des Tickets</name>
    <description>Kann in Benachrichtigungen verwendet werden, um den Melder und alle verknüpften Kontakte eines Tickets zu verständigen.</description>
    <is_template>yes</is_template>
    <oql><![CDATA[SELECT Contact AS C JOIN lnkContactToTicket AS L ON L.contact_id=C.id WHERE L.ticket_id=:this->id
      UNION
      SELECT Person WHERE id=:this->caller_id
    ]]></oql>
    <fields>id,email</fields>
    <finalclass>QueryOQL</finalclass>
  </QueryOQL>
  <QueryOQL alias="QueryOQL" id="1">
    <name>Melder des Tickets</name>
    <description>Kann in Benachrichtigungen verwendet werden, um den Melder zu verständigen.</description>
    <is_template>yes</is_template>
    <oql><![CDATA[SELECT Person WHERE id=:this->caller_id]]></oql>
    <fields>id,email</fields>
    <finalclass>QueryOQL</finalclass>
  </QueryOQL>
  <QueryOQL alias="QueryOQL" id="2">
    <name>Kontaktliste des Tickets</name>
    <description>Kann in Benachrichtigungen verwendet werden, um alle verknüpften Kontakte eines Tickets zu verständigen</description>
    <is_template>yes</is_template>
    <oql><![CDATA[SELECT Contact AS C JOIN lnkContactToTicket AS L ON L.contact_id=C.id WHERE L.ticket_id=:this->id]]></oql>
    <fields>id,email</fields>
    <finalclass>QueryOQL</finalclass>
  </QueryOQL>
  <QueryOQL alias="QueryOQL" id="7">
    <name>Manager des Ticketmelders</name>
    <description>Kann in Benachrichtigungen verwendet werden, um den Manager des Melders eines Tickets zu verständigen.</description>
    <is_template>yes</is_template>
    <oql><![CDATA[SELECT Person AS manager JOIN Person AS employee ON employee.manager_id = manager.id WHERE employee.id=:this->caller_id]]></oql>
    <fields>id,email</fields>
    <finalclass>QueryOQL</finalclass>
  </QueryOQL>
  <QueryOQL alias="QueryOQL" id="9">
    <name>Auslösende Person einer Benachrichtigung</name>
    <description>Kann in Benachrichtigungen verwendet werden, um die Person zu verständigen, die über eine Aktion die Benachrichtung auslöste.
      Wird dieser Befehl allein ausgelöst, wird die Person zurückgegeben, die mit dem angemeldeten Benutzer verknüpft ist, der diesen Befehl ausführt.
    </description>
    <is_template>yes</is_template>
    <oql><![CDATA[SELECT Person WHERE id = :current_contact_id]]></oql>
    <fields>id,email</fields>
    <finalclass>QueryOQL</finalclass>
  </QueryOQL>
  <QueryOQL alias="QueryOQL" id="6">
    <name>Teammitglieder des Tickets</name>
    <description>Kann in Benachrichtigungen verwendet werden, um den alle Mitglieder des Teams zu verständigen, an das das Ticket verteilt ist.</description>
    <is_template>yes</is_template>
    <oql><![CDATA[SELECT Person AS P JOIN lnkPersonToTeam AS L ON L.person_id=P.id
      WHERE L.team_id = :this->team_id
    ]]></oql>
    <fields>id,email</fields>
    <finalclass>QueryOQL</finalclass>
  </QueryOQL>
  <QueryOQL alias="QueryOQL" id="5">
    <name>Teammitglieder des Tickets, die nicht Bearbeiter sind</name>
    <description>Kann in Benachrichtigungen verwendet werden, um den alle Mitglieder des Teams zu verständigen, an das das Ticket verteilt ist.
      Der Bearbeiter des Tickets ist aus dieser Liste ausgeschlossen.
    </description>
    <is_template>yes</is_template>
    <oql><![CDATA[SELECT Person AS P JOIN lnkPersonToTeam AS L ON L.person_id=P.id
      WHERE L.team_id = :this->team_id AND P.id != :this->agent_id
    ]]></oql>
    <fields>id,email</fields>
    <finalclass>QueryOQL</finalclass>
  </QueryOQL>
  <QueryOQL alias="QueryOQL" id="10">
    <name>Team des Tickets</name>
    <description>Kann in Benachrichtigungen verwendet werden, um das Team, an das das Ticket verteilt ist, über eine hinterlegte Team-Mail-Ad­res­se zu benachrichtigen.</description>
    <is_template>yes</is_template>
    <oql><![CDATA[SELECT Team WHERE id = :this->team_id]]></oql>
    <fields>id,email</fields>
    <finalclass>QueryOQL</finalclass>
  </QueryOQL>
  <QueryOQL alias="QueryOQL" id="11">
    <name>Kontaktliste eines Funktionales CI</name>
    <description>Kann in Benachrichtigungen verwendet werden, um alle verknüpften Kontakte eines Funktionales CI zu verständigen</description>
    <is_template>yes</is_template>
    <oql><![CDATA[SELECT Contact AS C JOIN lnkContactToFunctionalCI AS L ON L.contact_id=C.id
      WHERE L.functionalci_id = :this->id
    ]]></oql>
    <fields>id,email</fields>
    <finalclass>QueryOQL</finalclass>
  </QueryOQL>
  <QueryOQL alias="QueryOQL" id="12">
    <name>Kontaktliste eines Dienstes</name>
    <description>Kann in Benachrichtigungen verwendet werden, um alle verknüpften Kontakte eines Dienstes zu verständigen</description>
    <is_template>yes</is_template>
    <oql><![CDATA[SELECT Contact AS C JOIN lnkContactToService AS L ON L.contact_id=C.id
      WHERE L.service_id = :this->id
    ]]></oql>
    <fields>id,email</fields>
    <finalclass>QueryOQL</finalclass>
  </QueryOQL>
  <QueryOQL alias="QueryOQL" id="13">
    <name>Kontaktliste eines Vertrages</name>
    <description>Kann in Benachrichtigungen verwendet werden, um alle verknüpften Kontakte eines Vertrages zu verständigen</description>
    <is_template>yes</is_template>
    <oql><![CDATA[SELECT Contact AS C JOIN lnkContactToContract AS L ON L.contact_id=C.id
      WHERE L.contract_id = :this->id
    ]]></oql>
    <fields>id,email</fields>
    <finalclass>QueryOQL</finalclass>
  </QueryOQL>
</Set>
